Quintile,MeanMonthlyReturn,CAGR
1,0.012864501148352728,0.14986863744690027
2,0.012542512786346915,0.14606337292566818
3,0.013975120953232155,0.16588620413071076
4,0.014129187866490114,0.16829344941123447
5,0.013590295117801594,0.15975426121985836
